{"stat.useItem.61":1,"stat.craftItem.61":1,"stat.leaveGame":1,"stat.mineBlock.16":6,"stat.mineBlock.15":8,"stat.mineBlock.17":10,"stat.jump":345,"stat.swimOneCm":476,"stat.fallOneCm":45637,"achievement.buildWorkBench":2,"achievement.exploreAllBiomes":{"value":0,"progress":["ForestHills","Roofed Forest","Extreme Hills+","River","Forest","Plains","Extreme Hills","Dirty Stony"]},"stat.craftItem.364":12,"stat.craftItem.5":108,"stat.damageTaken":12940,"stat.mineBlock.3":24,"stat.mineBlock.1":35,"stat.mineBlock.61":1,"stat.flyOneCm":39956,"achievement.buildPickaxe":4,"stat.damageDealt":1010,"achievement.buildBetterPickaxe":2,"stat.killEntity.Cow":12,"stat.useItem.58":2,"stat.useItem.274":59,"stat.craftItem.263":10,"stat.useItem.275":33,"stat.walkOneCm":187088,"stat.mineBlock.175":1,"stat.killEntity.Creeper":7,"stat.mineBlock.58":2,"achievement.mineWood":34,"stat.killEntity.Skeleton":8,"achievement.openInventory":13,"stat.mineBlock.162":27,"stat.craftItem.280":8,"stat.killEntity.Spider":2,"stat.mobKills":46,"achievement.buildFurnace":2,"stat.craftItem.58":1,"stat.craftItem.274":1,"stat.craftItem.275":1,"stat.drop":7,"stat.playOneMinute":32026,"stat.craftItem.270":1,"stat.killEntity.Zombie":10,"stat.useItem.270":5,"stat.useItem.391":6,"stat.mineBlock.31":24}