{"stat.useItem.274":30,"stat.killEntity.Skeleton":5,"stat.craftItem.263":10,"stat.useItem.275":32,"stat.walkOneCm":104327,"stat.craftItem.364":7,"stat.useItem.61":1,"stat.craftItem.5":108,"achievement.openInventory":8,"stat.craftItem.61":1,"stat.mineBlock.162":27,"stat.craftItem.280":8,"stat.leaveGame":1,"stat.damageTaken":10430,"stat.killEntity.Spider":2,"stat.mineBlock.3":23,"stat.mineBlock.175":1,"stat.mineBlock.1":27,"stat.mobKills":34,"stat.killEntity.Creeper":6,"stat.mineBlock.58":1,"achievement.buildFurnace":2,"stat.flyOneCm":17127,"stat.craftItem.58":1,"stat.craftItem.274":1,"stat.craftItem.275":1,"stat.mineBlock.15":8,"stat.drop":7,"stat.mineBlock.17":10,"stat.jump":151,"stat.swimOneCm":476,"achievement.buildPickaxe":4,"stat.playOneMinute":20792,"stat.fallOneCm":7982,"achievement.buildWorkBench":2,"stat.craftItem.270":1,"stat.damageDealt":800,"achievement.buildBetterPickaxe":2,"stat.killEntity.Zombie":10,"achievement.mineWood":34,"stat.killEntity.Cow":7,"achievement.exploreAllBiomes":{"value":0,"progress":["Roofed Forest","Plains","Dirty Stony"]},"stat.useItem.270":5,"stat.mineBlock.31":24,"stat.useItem.58":2}